ID,first_name,last_name,company_name,House No,city,county,zip,Home Phone,Work Phone,email,Other Contact,Payroll no,Account No,Bank,NI Number
1001,James,Butt,Ufix limited,6649 N Blue Gum St,New Orleans,Orleans,70116,3069990123,7741807199,jbutt@gmail.com,http://www.linkedin.com/pub/james-butt,4564565,5675,345,LE 75 70 95 C 
1002,Josephine,Darakjy,Ufix limited,4 B Blue Ridge Blvd,Brighton,Livingston,48116,3069990693,7705121514,josephine_darakjy@darakjy.org,http://www.linkedin.com/pub/josephine-darakjy,508798,9789,453,XY 16 09 02 C
1003,Art,Venere,Ufix limited,8 W Cerritos Ave #54,Bridgeport,Gloucester,8014,2920180754,7085935838,art@venere.org,http://www.linkedin.com/pub/art-venere,5464774,4563,567,LN 57 98 55 D
1004,Lenna,Paprocki,Ufix limited,639 Main St,Anchorage,Anchorage,99501,2920180991,7989956900,lpaprocki@hotmail.com,http://www.linkedin.com/pub/lenna-paprocki,432534,1235,873,HL 33 53 33 D
1005,Donette,Foller,Ufix limited,34 Center St,Hamilton,Butler,45011,3069990959,7812467061,donette.foller@cox.net,http://www.linkedin.com/pub/donette-foller,768676,9078,285,XS 20 86 32 A
1006,Simona,Morasca,Ufix limited,3 Mcauley Dr,Ashland,Ashland,44805,2920180036,7707900764,simona@morasca.com,http://www.linkedin.com/pub/simona-morasca,345443,7657,843,BS 49 08 40 R
1007,Mitsue,Tollner,Ufix limited,7 Eads St,Chicago,Cook,60632,2920180113,7726335229,mitsue_tollner@yahoo.com,http://www.linkedin.com/pub/mitsue-tollner,567523,7098,383,PT 68 23 27 C
1008,Leota,Dilliard,Ufix limited,7 W Jackson Blvd,San Jose,Santa Clara,95111,2920180069,7843761404,leota@hotmail.com,http://www.linkedin.com/pub/leota-dillard,789745,3478,263,XJ 04 95 27 T
1009,Sage,Wieser,Ufix limited,5 Boston Ave #88,Sioux Falls,Minnehaha,57105,2920180630,7872295781,sage_wieser@cox.net,http://www.linkedin.com/pub/sage-weiser,768546,9067,376,NM 48 38 53 D
1010,Kris,Marrier,Ufix limited,228 Runamuck Pl #2808,Baltimore,Baltimore City,21224,1174960775,7772795509,kris@gmail.com,http://www.linkedin.com/pub/kris-marrier,657567,7769,897,LM 49 11 20 A
1011,Minna,Amigon,Ufix limited,2371 Jerrold Ave,Kulpsville,Montgomery,19443,1174960543,7807213131,minna_amigon@yahoo.com,http://www.linkedin.com/pub/minna-amigon,424324,7896,456,BH 60 43 27 B
1012,Abel,Maclead,Ufix limited,37275 St  Rt 17m M,Middle Island,Suffolk,11953,3069990188,7763391650,amaclead@gmail.com,http://www.linkedin.com/pub/abel-maclead,5345346,3378,98,OT 79 30 31 B
1013,Kiley,Caldarera,Ufix limited,25 E 75th St #69,Los Angeles,Los Angeles,90034,1174960761,7839430261,kiley.caldarera@aol.com,http://www.linkedin.com/pub/kiley-caldarera,5463623,6606,543,YE 47 96 25 Q
1014,Graciela,Ruta,Ufix limited,98 Connecticut Ave Nw,Chagrin Falls,Geauga,44023,3069990620,7875237503,gruta@cox.net,http://www.linkedin.com/pub/graciela-ruta,7856435,3536,262,EK 87 94 38 D
1015,Cammy,Albares,Ufix limited,56 E Morehead St,Laredo,Webb,78045,3069997453,7779222171,calbares@gmail.com,http://www.linkedin.com/pub/cammy-albares,435367,7874,567,JW 98 77 33 B
1016,Mattie,Poquette,Ufix limited,73 State Road 434 E,Phoenix,Maricopa,85013,3069990626,7808587337,mattie@aol.com,http://www.linkedin.com/pub/mattie-poruette,5474573,2426,978,JM 88 79 31 H
1017,Meaghan,Garufi,Ufix limited,69734 E Carrillo St,Mc Minnville,Warren,37110,1184960536,7919170858,meaghan@hotmail.com,http://www.linkedin.com/pub/meaghan-garufi,54673537,1375,34534,RJ 49 63 06 D
1018,Gladys,Rim,Ufix limited,322 New Horizon Blvd,Milwaukee,Milwaukee,53207,1614960680,7704449202,gladys.rim@rim.org,http://www.linkedin.com/pub/gladys-rim,7457754,3548,67867,CZ 63 85 44 C
1019,Yuki,Whobrey,Ufix limited,1 State Route 27,Taylor,Wayne,48180,1614960973,7933641674,yuki_whobrey@aol.com,http://www.linkedin.com/pub/yuki-whobrey,765856,8465,463,KS 86 79 76 C
1020,Fletcher,Flosi,Ufix limited,394 Manchester Blvd,Rockford,Winnebago,61109,1614960010,7070731822,fletcher.flosi@yahoo.com,http://www.linkedin.com/pub/fletcher-flosi,87745,7085,457,PK 52 93 63 B
1030,Bette,Nicka,Ufix limited,6 S 33rd St,Aston,Delaware,19014,1614960156,7074587785,bette_nicka@cox.net,http://www.linkedin.com/pub/bette-nicka,6484654,3542,7890,XG 36 51 72 C
1040,Veronika,Inouye,Ufix limited,6 Greenleaf Ave,San Jose,Santa Clara,95111,1614960496,7919063010,vinouye@aol.com,http://www.linkedin.com/pub/veronika-inouye,8564443,7564,234,AX 66 35 11 A
1050,Willard,Kolmetz,Ufix limited,618 W Yakima Ave,Irving,Dallas,75062,1134960245,7701064056,willard@hotmail.com,http://www.linkedin.com/pub/willard-kolmetz,346436,4534,97,YE 79 88 00 B
1060,Maryann,Royster,Ufix limited,74 S Westgate St,Albany,Albany,12204,1134960483,7054907655,mroyster@royster.com,http://www.linkedin.com/pub/maryann-royster,67856,5867,345,CN 95 46 68 A
1070,Alisha,Slusarski,Ufix limited,3273 State St,Middlesex,Middlesex,8846,1134960998,7719357648,alisha@slusarski.com,http://www.linkedin.com/pub/alisha-slusarski,345432,3255,789,JZ 13 76 28 B
1080,Allene,Iturbide,Ufix limited,1 Central Ave,Stevens Point,Portage,54481,1134960417,7933797880,allene_iturbide@cox.net,http://www.linkedin.com/pub/allene-iturbide,657657,7698,634,WN 84 18 17 A
1090,Chanel,Caudy,Ufix limited,86 Nw 66th St #8673,Shawnee,Johnson,66218,2920180817,7926102580,chanel.caudy@caudy.org,http://www.linkedin.com/pub/chanel-caudy,697689,8799,7890,GN 05 07 32 A
1100,Ezekiel,Chui,Ufix limited,2 Cedar Ave #84,Easton,Talbot,21601,2920180739,7746166462,ezekiel@chui.com,http://www.linkedin.com/pub/ezekiel-chui,6545645,6587,34,PG 62 70 24 Y
1101,Willow,Kusko,Ufix limited,90991 Thorburn Ave,New York,New York,10011,2920180604,7887464713,wkusko@yahoo.com,http://www.linkedin.com/pub/willow-kusko,4567846,3246,456,KC 81 38 81 B
